INSERT INTO usuario (id, username, password, location) VALUES (1, 'usuario1', '$2a$10$A/fVQgLsCTCuZg8eUO.JTuNd29jc1FoEdLoBqozrarB4u39xnuqdu', ST_SetSRID(ST_MakePoint(-70.620679, -33.488890), 4326));
INSERT INTO usuario (id, username, password, location) VALUES (2, 'usuario2', '$2a$10$ESFqfOz0ZE3NDwXth96vPO6z8IrIl52rg/tM8tXyLlm9zLFp4hWNS', ST_SetSRID(ST_MakePoint(-70.607702, -33.480887), 4326));
INSERT INTO usuario (id, username, password, location) VALUES (3, 'usuario3', '$2a$10$iPH3nisPo63AnyjS.q4nCeuzp7PPfMaFqxIjKQYEQhK1gksc2OiFa', ST_SetSRID(ST_MakePoint(-70.668629, -33.422381), 4326));
INSERT INTO usuario (id, username, password, location) VALUES (4, 'usuario4', '$2a$10$/wdDZUB8E1TeOYb9tqrKQOJiHQhAfrVhi41ci1sa/9QIe.pt6eWzO', ST_SetSRID(ST_MakePoint(-70.683153, -33.452852), 4326));
INSERT INTO usuario (id, username, password, location) VALUES (5, 'usuario5', '$2a$10$MynOh4qIIwPytHknwvHgoO7XuojMR7pG1CPI2aQeglRWUcVG.TYEC', ST_SetSRID(ST_MakePoint(-70.689626, -33.459101), 4326));
INSERT INTO usuario (id, username, password, location) VALUES (6, 'usuario6', '$2a$10$IDAlezYWxVdGvp6k4zMddOoArlncKT6R8j41F98F9k3s2nMV4f8qC', ST_SetSRID(ST_MakePoint(-70.683909, -33.426152), 4326));
INSERT INTO usuario (id, username, password, location) VALUES (7, 'usuario7', '$2a$10$d32neZDTcCECzSnyzLDp7et9Y.2TO3ouVwIg7EuYOAsJsxGFeWVWq', ST_SetSRID(ST_MakePoint(-70.677361, -33.435594), 4326));
INSERT INTO usuario (id, username, password, location) VALUES (8, 'usuario8', '$2a$10$4Ms8L13W0FcqXR32LKnTUePzsV6Pl2rSMIXdydUpY56Y3vRrGCt4m', ST_SetSRID(ST_MakePoint(-70.635844, -33.455249), 4326));
INSERT INTO usuario (id, username, password, location) VALUES (9, 'usuario9', '$2a$10$DfW/5JZhJaCnZP2P.H.zUOBh8qyt6YO4ARntKfwz69FgQwFJk.yiq', ST_SetSRID(ST_MakePoint(-70.680543, -33.448182), 4326));
INSERT INTO usuario (id, username, password, location) VALUES (10, 'usuario10', '$2a$10$YxZtk/QefJTVvUGtbklTnubGAfOFArE.ykqwj4bLHS.9pjd8rCxwm', ST_SetSRID(ST_MakePoint(-70.613685, -33.466847), 4326));
INSERT INTO usuario (id, username, password, location) VALUES (11, 'duvan', '$2a$10$rZkQ//eKs8JHJqCmEKfXuuq/3cWJAIXmX06ZDeRC.fNSog7PbVkLy', ST_SetSRID(ST_MakePoint(-70.650000, -33.450000), 4326));
INSERT INTO sector (id, nombre, descripcion, ubicacion) VALUES (1, 'Providencia', 'Sector residencial y comercial, conocido por sus cafés y parques.', ST_SetSRID(ST_MakePoint(-70.681390, -33.450705), 4326));
INSERT INTO sector (id, nombre, descripcion, ubicacion) VALUES (2, 'Las Condes', 'Zona de oficinas, centros comerciales y barrios residenciales.', ST_SetSRID(ST_MakePoint(-70.618261, -33.474994), 4326));
INSERT INTO sector (id, nombre, descripcion, ubicacion) VALUES (3, 'Santiago Centro', 'Centro histórico y administrativo de Santiago.', ST_SetSRID(ST_MakePoint(-70.598961, -33.391274), 4326));
INSERT INTO sector (id, nombre, descripcion, ubicacion) VALUES (4, 'Ñuñoa', 'Área residencial con vida cultural y deportiva.', ST_SetSRID(ST_MakePoint(-70.639219, -33.400940), 4326));
INSERT INTO sector (id, nombre, descripcion, ubicacion) VALUES (5, 'La Florida', 'Comuna extensa con zonas residenciales y comerciales.', ST_SetSRID(ST_MakePoint(-70.641707, -33.488288), 4326));
INSERT INTO sector (id, nombre, descripcion, ubicacion) VALUES (6, 'Maipú', 'Sector populoso con plazas y centros deportivos.', ST_SetSRID(ST_MakePoint(-70.666002, -33.390986), 4326));
INSERT INTO sector (id, nombre, descripcion, ubicacion) VALUES (7, 'Vitacura', 'Zona exclusiva, parques y centros de eventos.', ST_SetSRID(ST_MakePoint(-70.670797, -33.468874), 4326));
INSERT INTO tarea (nombre, descripcion, fecha_vencimiento, completado, usuario_id, sector_id) VALUES ('Limpieza semáforos', 'limpieza de semáforos en Av. Vicuña Mackenna (Maipú)', '2025-05-28', false, 11, 6);
INSERT INTO tarea (nombre, descripcion, fecha_vencimiento, completado, usuario_id, sector_id) VALUES ('Pintura parques', 'pintura de parques en Plaza de Armas (Las Condes)', '2025-05-29', false, 11, 2);
INSERT INTO tarea (nombre, descripcion, fecha_vencimiento, completado, usuario_id, sector_id) VALUES ('Poda luces', 'poda de luces en Parque Bustamante (Las Condes)', '2025-06-19', true, 1, 2);
INSERT INTO tarea (nombre, descripcion, fecha_vencimiento, completado, usuario_id, sector_id) VALUES ('Poda parques', 'poda de parques en Plaza de Armas (Santiago Centro)', '2025-06-13', false, 9, 3);
INSERT INTO tarea (nombre, descripcion, fecha_vencimiento, completado, usuario_id, sector_id) VALUES ('Poda semáforos', 'poda de semáforos en Calle Suecia (Ñuñoa)', '2025-05-31', false, 2, 4);
INSERT INTO tarea (nombre, descripcion, fecha_vencimiento, completado, usuario_id, sector_id) VALUES ('Poda semáforos', 'poda de semáforos en Costanera Center (La Florida)', '2025-06-17', false, 6, 5);
INSERT INTO tarea (nombre, descripcion, fecha_vencimiento, completado, usuario_id, sector_id) VALUES ('Pintura calles', 'pintura de calles en Av. Vicuña Mackenna (Ñuñoa)', '2025-06-22', false, 7, 4);
INSERT INTO tarea (nombre, descripcion, fecha_vencimiento, completado, usuario_id, sector_id) VALUES ('Pintura árboles', 'pintura de árboles en Av. Vicuña Mackenna (Las Condes)', '2025-06-14', true, 10, 2);
INSERT INTO tarea (nombre, descripcion, fecha_vencimiento, completado, usuario_id, sector_id) VALUES ('Mantenimiento árboles', 'mantenimiento de árboles en Plaza de Armas (Las Condes)', '2025-06-23', true, 5, 2);
INSERT INTO tarea (nombre, descripcion, fecha_vencimiento, completado, usuario_id, sector_id) VALUES ('Limpieza semáforos', 'limpieza de semáforos en Costanera Center (Santiago Centro)', '2025-05-27', true, 1, 3);
INSERT INTO tarea (nombre, descripcion, fecha_vencimiento, completado, usuario_id, sector_id) VALUES ('Pintura calles', 'pintura de calles en Parque Bustamante (Providencia)', '2025-05-27', false, 11, 1);
INSERT INTO tarea (nombre, descripcion, fecha_vencimiento, completado, usuario_id, sector_id) VALUES ('Poda calles', 'poda de calles en Plaza de Armas (Maipú)', '2025-06-13', true, 8, 6);
INSERT INTO tarea (nombre, descripcion, fecha_vencimiento, completado, usuario_id, sector_id) VALUES ('Construcción parques', 'construcción de parques en Av. Apoquindo (Providencia)', '2025-06-04', false, 9, 1);
INSERT INTO tarea (nombre, descripcion, fecha_vencimiento, completado, usuario_id, sector_id) VALUES ('Construcción semáforos', 'construcción de semáforos en Costanera Center (La Florida)', '2025-06-22', false, 9, 5);
INSERT INTO tarea (nombre, descripcion, fecha_vencimiento, completado, usuario_id, sector_id) VALUES ('Pintura árboles', 'pintura de árboles en Parque O''Higgins (Las Condes)', '2025-06-03', false, 8, 2);
INSERT INTO tarea (nombre, descripcion, fecha_vencimiento, completado, usuario_id, sector_id) VALUES ('Reparación semáforos', 'reparación de semáforos en Av. Vicuña Mackenna (La Florida)', '2025-06-14', false, 4, 5);
INSERT INTO tarea (nombre, descripcion, fecha_vencimiento, completado, usuario_id, sector_id) VALUES ('Construcción parques', 'construcción de parques en Calle Suecia (Las Condes)', '2025-06-22', false, 11, 2);
INSERT INTO tarea (nombre, descripcion, fecha_vencimiento, completado, usuario_id, sector_id) VALUES ('Pintura luces', 'pintura de luces en Av. Vicuña Mackenna (Maipú)', '2025-06-15', true, 8, 6);
INSERT INTO tarea (nombre, descripcion, fecha_vencimiento, completado, usuario_id, sector_id) VALUES ('Poda árboles', 'poda de árboles en Av. Vicuña Mackenna (Providencia)', '2025-06-21', true, 11, 1);
INSERT INTO tarea (nombre, descripcion, fecha_vencimiento, completado, usuario_id, sector_id) VALUES ('Pintura calles', 'pintura de calles en Av. Apoquindo (Las Condes)', '2025-06-19', false, 5, 2);
INSERT INTO tarea (nombre, descripcion, fecha_vencimiento, completado, usuario_id, sector_id) VALUES ('Pintura calles', 'pintura de calles en Calle Suecia (Vitacura)', '2025-06-15', false, 11, 7);
INSERT INTO tarea (nombre, descripcion, fecha_vencimiento, completado, usuario_id, sector_id) VALUES ('Mantenimiento juegos', 'mantenimiento de juegos en Av. Vicuña Mackenna (Maipú)', '2025-06-25', false, 10, 6);
INSERT INTO tarea (nombre, descripcion, fecha_vencimiento, completado, usuario_id, sector_id) VALUES ('Reparación árboles', 'reparación de árboles en Av. Apoquindo (La Florida)', '2025-06-01', false, 7, 5);
INSERT INTO tarea (nombre, descripcion, fecha_vencimiento, completado, usuario_id, sector_id) VALUES ('Pintura señales', 'pintura de señales en Parque O''Higgins (Maipú)', '2025-06-17', false, 6, 6);
INSERT INTO tarea (nombre, descripcion, fecha_vencimiento, completado, usuario_id, sector_id) VALUES ('Limpieza bancas', 'limpieza de bancas en Costanera Center (Las Condes)', '2025-06-18', false, 5, 2);
INSERT INTO tarea (nombre, descripcion, fecha_vencimiento, completado, usuario_id, sector_id) VALUES ('Limpieza calles', 'limpieza de calles en Costanera Center (Ñuñoa)', '2025-06-15', true, 10, 4);
INSERT INTO tarea (nombre, descripcion, fecha_vencimiento, completado, usuario_id, sector_id) VALUES ('Limpieza parques', 'limpieza de parques en Parque O''Higgins (Vitacura)', '2025-06-13', false, 10, 7);
INSERT INTO tarea (nombre, descripcion, fecha_vencimiento, completado, usuario_id, sector_id) VALUES ('Limpieza bancas', 'limpieza de bancas en Av. Vicuña Mackenna (La Florida)', '2025-06-17', false, 2, 5);
INSERT INTO tarea (nombre, descripcion, fecha_vencimiento, completado, usuario_id, sector_id) VALUES ('Mantenimiento semáforos', 'mantenimiento de semáforos en Parque Bustamante (Las Condes)', '2025-06-24', true, 7, 2);
INSERT INTO tarea (nombre, descripcion, fecha_vencimiento, completado, usuario_id, sector_id) VALUES ('Mantenimiento señales', 'mantenimiento de señales en Av. Vicuña Mackenna (Ñuñoa)', '2025-05-30', false, 9, 4);
INSERT INTO tarea (nombre, descripcion, fecha_vencimiento, completado, usuario_id, sector_id) VALUES ('Mantenimiento calles', 'mantenimiento de calles en Av. Vicuña Mackenna (La Florida)', '2025-06-05', true, 4, 5);
INSERT INTO tarea (nombre, descripcion, fecha_vencimiento, completado, usuario_id, sector_id) VALUES ('Poda calles', 'poda de calles en Costanera Center (Maipú)', '2025-06-22', true, 5, 6);
INSERT INTO tarea (nombre, descripcion, fecha_vencimiento, completado, usuario_id, sector_id) VALUES ('Construcción juegos', 'construcción de juegos en Parque Bustamante (La Florida)', '2025-06-12', false, 8, 5);
INSERT INTO tarea (nombre, descripcion, fecha_vencimiento, completado, usuario_id, sector_id) VALUES ('Construcción árboles', 'construcción de árboles en Parque O''Higgins (Vitacura)', '2025-05-28', true, 1, 7);
INSERT INTO tarea (nombre, descripcion, fecha_vencimiento, completado, usuario_id, sector_id) VALUES ('Construcción parques', 'construcción de parques en Av. Apoquindo (Ñuñoa)', '2025-06-22', false, 11, 4);
INSERT INTO tarea (nombre, descripcion, fecha_vencimiento, completado, usuario_id, sector_id) VALUES ('Mantenimiento luces', 'mantenimiento de luces en Av. Apoquindo (Santiago Centro)', '2025-06-13', true, 9, 3);
INSERT INTO tarea (nombre, descripcion, fecha_vencimiento, completado, usuario_id, sector_id) VALUES ('Mantenimiento parques', 'mantenimiento de parques en Parque O''Higgins (Las Condes)', '2025-06-25', true, 6, 2);
INSERT INTO tarea (nombre, descripcion, fecha_vencimiento, completado, usuario_id, sector_id) VALUES ('Poda bancas', 'poda de bancas en Av. Vicuña Mackenna (Las Condes)', '2025-05-27', false, 3, 2);
INSERT INTO tarea (nombre, descripcion, fecha_vencimiento, completado, usuario_id, sector_id) VALUES ('Pintura luces', 'pintura de luces en Plaza de Armas (La Florida)', '2025-06-11', false, 9, 5);
INSERT INTO tarea (nombre, descripcion, fecha_vencimiento, completado, usuario_id, sector_id) VALUES ('Poda luces', 'poda de luces en Av. Vicuña Mackenna (Santiago Centro)', '2025-06-18', false, 8, 3);
INSERT INTO tarea (nombre, descripcion, fecha_vencimiento, completado, usuario_id, sector_id) VALUES ('Poda parques', 'poda de parques en Av. Apoquindo (Las Condes)', '2025-05-30', false, 10, 2);
INSERT INTO tarea (nombre, descripcion, fecha_vencimiento, completado, usuario_id, sector_id) VALUES ('Mantenimiento parques', 'mantenimiento de parques en Plaza de Armas (Providencia)', '2025-06-02', false, 7, 1);

SELECT setval('usuario_id_seq', (SELECT MAX(id) FROM usuario));
SELECT setval('sector_id_seq', (SELECT MAX(id) FROM sector));
